order_id,order_date,customer_id,product_category,sales_amount,quatity,customer_reigon
1,06/10/2025,7406,Bueaty,416.95,5,West
2,06/10/2025,6402,Home,278.38,2,East
3,16/02/2025,9511,Sports,172.31,3,East
4,08/03/2025,7610,Clothing,362.45,1,East
5,26/06/2025,6678,Sports,376.47,1,East
6,03/11/2025,2157,Electronics,156.0,3,West
7,18/05/2025,4514,Bueaty,21.99,4,East
8,16/06/2025,1691,Home,436.23,2,West
9,06/01/2025,5401,Electronics,214.51,2,East
10,21/03/2025,8367,Clothing,160.89,3,South
11,02/12/2025,5818,Sports,45.95,4,North
12,02/10/2025,2009,Bueaty,465.73,1,West
13,24/07/2025,7620,Bueaty,183.96,1,South
14,24/08/2025,9221,Electronics,449.88,2,West
15,08/07/2025,9386,Bueaty,56.29,5,North
16,01/12/2025,3119,Electronics,102.09,1,South
17,16/03/2025,2837,Home,349.38,3,West
18,21/07/2025,2887,Sports,229.87,4,South
19,02/01/2025,7359,Bueaty,218.25,2,East
20,21/08/2025,2474,Electronics,340.1,5,East
21,29/08/2025,3340,Bueaty,128.01,5,East
22,11/02/2025,6627,Clothing,373.2,5,South
23,02/08/2025,6723,Home,421.4,3,West
24,22/05/2025,2439,Bueaty,84.89,3,North
25,25/11/2025,3684,Clothing,401.73,2,West
26,17/11/2025,7960,Clothing,472.26,3,North
27,20/10/2025,4998,Electronics,245.28,1,North
28,06/06/2025,2284,Home,83.23,4,West
29,17/02/2025,9063,Clothing,356.84,2,North
30,02/09/2025,1133,Home,245.48,1,West
31,18/06/2025,2521,Clothing,176.39,4,North
32,03/11/2025,3276,Electronics,404.47,5,West
33,26/03/2025,8368,Electronics,135.5,3,North
34,16/12/2025,6708,Home,410.52,5,West
35,16/02/2025,3986,Bueaty,337.85,3,South
36,20/02/2025,9385,Sports,251.59,5,South
37,18/08/2025,2984,Home,417.11,5,South
38,30/08/2025,3394,Home,392.96,1,West
39,15/04/2025,3733,Clothing,262.12,3,North
40,06/05/2025,2551,Clothing,215.49,1,West
41,26/03/2025,2898,Home,353.49,4,East
42,21/11/2025,1435,Sports,282.3,4,North
43,19/03/2025,4940,Home,221.55,5,East
44,25/07/2025,4708,Sports,389.43,2,North
45,04/03/2025,9535,Bueaty,87.46,3,North
46,20/01/2025,7390,Home,390.89,3,South
47,20/05/2025,8047,Clothing,150.8,2,West
48,12/11/2025,7806,Bueaty,388.19,1,West
49,09/10/2025,4463,Bueaty,113.21,2,North
50,21/04/2025,2906,Bueaty,166.07,1,East
51,25/10/2025,2491,Electronics,155.82,5,North
52,19/05/2025,4559,Bueaty,192.78,5,North
53,26/02/2025,5449,Sports,36.37,2,West
54,27/02/2025,6022,Sports,93.53,2,West
55,08/01/2025,2557,Home,134.13,4,South
56,22/02/2025,3649,Clothing,213.41,4,East
57,25/10/2025,1022,Sports,225.42,3,West
58,11/07/2025,8022,Clothing,482.06,3,West
59,25/12/2025,7396,Bueaty,65.85,2,West
60,13/02/2025,6036,Electronics,432.53,3,West
61,20/04/2025,1837,Home,286.52,2,East
62,24/05/2025,3353,Home,320.68,4,South
63,16/12/2025,9108,Electronics,457.44,4,North
64,05/04/2025,9935,Bueaty,16.96,4,West
65,30/03/2025,2052,Bueaty,443.52,5,South
66,02/05/2025,3826,Clothing,443.18,4,East
67,14/11/2025,7288,Clothing,430.54,2,North
68,27/07/2025,9118,Home,166.56,1,South
69,17/06/2025,1769,Clothing,496.22,1,West
70,08/08/2025,2904,Bueaty,327.33,1,South
71,12/06/2025,1288,Sports,349.69,4,East
72,30/04/2025,8623,Clothing,80.68,1,South
73,02/03/2025,2508,Electronics,165.31,1,South
74,03/12/2025,9311,Home,157.41,1,East
75,16/05/2025,3430,Sports,53.67,5,West
76,24/02/2025,7049,Bueaty,262.66,4,North
77,30/10/2025,1049,Sports,179.54,3,East
78,12/05/2025,5231,Bueaty,448.9,2,East
79,12/12/2025,1967,Bueaty,394.84,1,East
80,21/09/2025,5401,Sports,107.48,3,South
81,30/08/2025,4438,Bueaty,477.97,5,East
82,01/01/2025,1278,Sports,250.95,1,North
83,10/06/2025,7179,Electronics,177.26,2,West
84,12/01/2025,7493,Electronics,44.59,3,West
85,25/07/2025,7960,Home,352.12,2,East
86,06/08/2025,6939,Clothing,488.27,4,North
87,03/04/2025,7609,Clothing,99.13,2,East
88,13/11/2025,1386,Bueaty,473.24,2,East
89,11/03/2025,7235,Bueaty,241.67,2,East
90,22/04/2025,3533,Clothing,171.67,1,North
91,09/12/2025,7149,Bueaty,198.99,5,West
92,20/03/2025,3655,Home,143.23,5,South
93,08/04/2025,4064,Clothing,354.42,4,North
94,05/03/2025,9617,Electronics,69.97,5,South
95,20/07/2025,5493,Sports,387.69,3,South
96,02/08/2025,7161,Electronics,302.84,1,East
97,25/12/2025,1881,Sports,22.65,4,East
98,09/10/2025,4899,Sports,274.64,4,South
99,11/04/2025,1451,Sports,438.12,2,South
100,26/05/2025,6125,Electronics,421.15,4,West
101,21/11/2025,7257,Home,99.46,1,East
102,13/11/2025,5768,Bueaty,36.7,4,South
103,03/02/2025,9052,Sports,380.23,1,South
104,02/01/2025,5747,Clothing,379.01,5,North
105,24/04/2025,3488,Clothing,166.04,4,South
106,02/08/2025,8521,Bueaty,484.8,1,North
107,18/04/2025,9119,Electronics,52.96,5,East
108,02/03/2025,2468,Sports,55.03,2,North
109,24/04/2025,8311,Bueaty,497.65,4,West
110,03/09/2025,3192,Home,84.06,1,South
111,21/12/2025,7510,Sports,421.44,1,West
112,09/02/2025,9376,Sports,140.9,5,West
113,07/11/2025,5956,Electronics,395.15,5,South
114,07/10/2025,1391,Sports,290.63,1,West
115,02/08/2025,5383,Bueaty,462.23,1,North
116,16/10/2025,6584,Sports,314.11,2,North
117,28/04/2025,8809,Sports,433.94,1,West
118,01/10/2025,4841,Clothing,30.08,2,West
119,24/11/2025,3949,Bueaty,229.74,3,East
120,25/08/2025,6626,Home,173.6,3,North
121,21/03/2025,4067,Bueaty,157.96,1,North
122,16/11/2025,2286,Home,274.93,1,West
123,08/05/2025,5934,Bueaty,320.49,2,East
124,28/10/2025,9154,Bueaty,143.41,1,South
125,13/06/2025,5325,Electronics,357.43,3,South
126,18/07/2025,9854,Bueaty,416.6,5,West
127,01/01/2025,4972,Electronics,497.29,5,North
128,12/01/2025,7522,Bueaty,225.98,3,West
129,20/10/2025,7580,Bueaty,59.28,2,East
130,01/06/2025,8608,Bueaty,371.27,3,North
131,04/10/2025,7782,Bueaty,371.92,3,West
132,16/09/2025,5946,Bueaty,167.35,2,West
133,17/06/2025,5978,Bueaty,139.23,3,North
134,20/04/2025,1986,Sports,474.8,3,West
135,22/03/2025,7139,Bueaty,449.06,4,South
136,25/10/2025,8838,Home,164.31,4,West
137,16/02/2025,3779,Bueaty,327.99,2,South
138,27/03/2025,4491,Home,185.14,5,East
139,10/06/2025,3890,Clothing,190.34,3,West
140,02/05/2025,2445,Home,424.48,2,East
141,03/07/2025,7760,Home,84.28,5,East
142,07/05/2025,6281,Bueaty,203.76,2,West
143,21/07/2025,8636,Electronics,427.26,1,North
144,27/05/2025,4793,Bueaty,422.76,3,East
145,29/04/2025,6700,Sports,308.07,4,East
146,01/08/2025,1715,Clothing,439.43,3,North
147,24/07/2025,4732,Electronics,324.51,5,North
148,07/07/2025,8246,Bueaty,460.57,1,East
149,24/02/2025,9067,Sports,304.14,2,East
150,17/09/2025,2707,Electronics,414.06,4,West
151,10/02/2025,9908,Electronics,300.48,3,North
152,06/06/2025,3696,Sports,413.83,5,West
153,25/03/2025,5137,Electronics,295.27,3,North
154,05/12/2025,5774,Electronics,314.89,2,East
155,11/12/2025,4181,Bueaty,307.85,1,East
156,15/01/2025,3385,Bueaty,477.38,3,West
157,09/07/2025,8923,Clothing,399.11,2,North
158,20/06/2025,2316,Bueaty,129.51,3,East
159,04/11/2025,8929,Sports,411.94,2,North
160,23/05/2025,3378,Home,479.65,3,West
161,12/02/2025,2424,Electronics,437.16,5,North
162,24/07/2025,3970,Sports,106.08,5,South
163,20/09/2025,1641,Bueaty,228.11,5,North
164,08/07/2025,6567,Clothing,381.31,5,North
165,24/10/2025,5431,Electronics,379.09,4,South
166,04/07/2025,9558,Home,183.21,3,West
167,06/11/2025,7642,Electronics,212.59,2,East
168,28/12/2025,1111,Bueaty,238.94,1,East
169,01/08/2025,5485,Sports,394.21,4,East
170,03/10/2025,3798,Bueaty,487.93,4,West
171,02/11/2025,6019,Home,304.29,2,North
172,11/11/2025,1231,Sports,388.6,4,East
173,24/09/2025,5030,Electronics,327.98,1,South
174,21/01/2025,7774,Electronics,290.23,5,South
175,04/08/2025,4993,Sports,338.0,2,West
176,30/11/2025,5483,Sports,61.76,2,West
177,30/11/2025,4147,Bueaty,252.48,2,East
178,19/02/2025,2266,Sports,231.54,5,East
179,24/11/2025,6307,Clothing,178.7,4,North
180,14/07/2025,1864,Clothing,42.52,1,East
181,08/08/2025,7371,Sports,71.08,3,North
182,14/05/2025,8607,Electronics,178.85,1,West
183,22/09/2025,3956,Home,242.7,1,East
184,29/10/2025,5437,Sports,437.38,2,East
185,26/04/2025,7844,Home,417.78,3,West
186,26/04/2025,8920,Home,216.21,4,West
187,17/11/2025,2586,Clothing,88.41,3,East
188,20/12/2025,7556,Electronics,300.82,5,East
189,11/06/2025,8523,Home,298.9,1,East
190,25/04/2025,8218,Home,278.4,4,West
191,24/01/2025,3619,Bueaty,343.22,1,East
192,02/05/2025,8240,Sports,62.2,2,West
193,14/12/2025,6836,Home,220.63,1,South
194,12/11/2025,3932,Sports,379.1,5,North
195,02/06/2025,3991,Home,266.87,3,West
196,10/04/2025,3945,Bueaty,483.88,1,East
197,11/09/2025,1266,Clothing,241.37,1,East
198,06/04/2025,1784,Sports,139.05,1,South
199,30/05/2025,1974,Home,81.63,1,North
200,19/11/2025,5828,Sports,372.37,1,East
201,28/07/2025,9348,Bueaty,122.18,3,East
202,14/01/2025,3881,Electronics,312.78,1,East
203,29/09/2025,8740,Electronics,434.61,2,North
204,09/08/2025,9437,Bueaty,298.55,1,North
205,28/09/2025,7838,Home,33.14,5,West
206,21/05/2025,3494,Electronics,40.2,4,East
207,10/03/2025,7987,Bueaty,28.83,4,North
208,11/01/2025,9253,Home,91.58,3,North
209,22/11/2025,8150,Electronics,248.8,3,West
210,10/01/2025,7471,Electronics,490.79,3,North
211,05/03/2025,9344,Sports,273.73,5,West
212,22/11/2025,6522,Clothing,351.19,1,North
213,12/05/2025,5871,Clothing,302.95,1,West
214,08/02/2025,2537,Home,266.95,3,South
215,01/03/2025,7624,Bueaty,14.96,4,North
216,14/04/2025,7131,Sports,123.16,1,East
217,01/07/2025,8059,Home,354.18,2,North
218,17/11/2025,5691,Clothing,439.88,2,South
219,08/12/2025,7843,Sports,137.04,1,South
220,13/10/2025,1423,Clothing,490.98,2,West
221,04/10/2025,7162,Home,468.08,2,West
222,04/12/2025,6142,Bueaty,383.84,2,South
223,13/02/2025,7008,Bueaty,226.81,5,North
224,15/12/2025,2377,Home,413.5,1,West
225,27/07/2025,1587,Bueaty,408.72,1,North
226,16/01/2025,1365,Bueaty,474.78,2,East
227,01/10/2025,5736,Clothing,372.8,3,West
228,18/07/2025,4986,Home,291.97,5,North
229,16/06/2025,7046,Bueaty,298.95,3,West
230,14/02/2025,3065,Clothing,194.32,3,East
231,03/10/2025,1159,Electronics,191.44,2,South
232,15/06/2025,9665,Sports,61.45,1,South
233,26/03/2025,9681,Home,77.59,3,West
234,04/09/2025,4346,Electronics,154.62,4,South
235,17/12/2025,1778,Electronics,83.74,2,South
236,05/09/2025,2335,Sports,473.93,5,South
237,05/10/2025,8168,Sports,362.31,4,West
238,15/03/2025,9813,Home,29.11,1,North
239,04/12/2025,1236,Electronics,318.93,2,South
240,25/06/2025,1739,Sports,60.62,2,South
241,24/05/2025,7333,Sports,266.66,2,North
242,02/01/2025,5851,Bueaty,76.83,5,South
243,28/01/2025,8889,Electronics,414.83,2,North
244,26/11/2025,5193,Bueaty,365.15,3,East
245,23/11/2025,9559,Bueaty,36.2,3,North
246,07/11/2025,2522,Clothing,212.94,2,East
247,26/07/2025,9982,Bueaty,219.38,3,West
248,07/05/2025,6258,Electronics,272.31,4,South
249,13/04/2025,9893,Electronics,218.87,4,East
250,05/05/2025,5580,Clothing,251.43,1,West
251,16/04/2025,8837,Clothing,18.38,3,West
252,23/03/2025,5586,Home,241.72,3,West
253,24/03/2025,1109,Bueaty,233.75,3,West
254,07/04/2025,6851,Bueaty,358.1,3,South
255,21/11/2025,8758,Bueaty,476.25,3,West
256,06/06/2025,3871,Electronics,305.0,1,North
257,14/03/2025,4241,Sports,354.55,4,West
258,04/06/2025,9701,Home,99.53,3,West
259,14/10/2025,8759,Sports,185.56,1,West
260,03/09/2025,1725,Electronics,361.27,5,West
261,24/09/2025,4389,Bueaty,153.01,3,South
262,16/11/2025,6170,Home,385.29,5,South
263,24/12/2025,5837,Clothing,45.22,3,South
264,02/12/2025,7645,Home,203.41,5,East
265,03/01/2025,2613,Bueaty,16.5,1,East
266,19/03/2025,7692,Electronics,364.98,1,East
267,15/10/2025,1737,Clothing,304.66,1,North
268,29/10/2025,4004,Electronics,250.44,3,South
269,16/08/2025,4406,Clothing,233.6,2,West
270,04/06/2025,8304,Bueaty,327.67,2,East
271,03/05/2025,6338,Clothing,29.27,1,North
272,13/12/2025,7593,Bueaty,481.74,4,South
273,09/02/2025,3973,Electronics,156.99,4,North
274,23/03/2025,1538,Bueaty,271.74,5,South
275,15/03/2025,7247,Home,169.77,3,North
276,17/01/2025,6661,Clothing,40.48,1,South
277,06/07/2025,7110,Electronics,112.08,2,South
278,01/03/2025,2657,Home,416.04,5,South
279,20/08/2025,5474,Clothing,152.62,4,East
280,07/09/2025,1661,Bueaty,242.93,3,North
281,08/08/2025,3322,Bueaty,19.64,5,West
282,17/11/2025,3241,Clothing,70.44,2,East
283,28/04/2025,1555,Clothing,207.62,2,East
284,11/06/2025,6089,Electronics,347.32,2,North
285,13/12/2025,4193,Sports,381.62,3,West
286,22/03/2025,6648,Clothing,144.78,2,South
287,06/08/2025,3332,Clothing,86.1,3,South
288,07/08/2025,9499,Electronics,152.89,5,South
289,08/12/2025,3095,Bueaty,497.64,3,East
290,22/02/2025,3856,Clothing,358.46,3,South
291,08/02/2025,4595,Clothing,458.38,3,North
292,29/09/2025,7110,Clothing,438.07,5,North
293,20/12/2025,9751,Sports,395.52,2,South
294,01/10/2025,4810,Clothing,117.97,5,South
295,23/08/2025,8396,Clothing,28.83,5,South
296,03/06/2025,5063,Sports,367.81,4,West
297,18/09/2025,8802,Electronics,176.15,3,South
298,21/09/2025,9774,Home,50.67,3,East
299,10/05/2025,2252,Home,365.23,5,South
300,06/10/2025,5398,Clothing,161.36,5,East
301,15/12/2025,6826,Electronics,98.97,4,East
302,26/07/2025,9312,Home,314.11,2,East
303,01/10/2025,7282,Bueaty,369.97,1,South
304,08/03/2025,6887,Clothing,431.31,4,East
305,30/09/2025,2485,Bueaty,331.02,4,East
306,05/07/2025,6363,Bueaty,334.32,3,North
307,04/07/2025,4382,Home,404.12,3,South
308,01/04/2025,3950,Electronics,65.94,2,South
309,19/01/2025,6516,Sports,367.87,3,North
310,28/03/2025,4575,Home,415.42,2,North
311,03/04/2025,9618,Bueaty,190.38,1,West
312,24/08/2025,5702,Bueaty,154.78,3,North
313,30/04/2025,7133,Sports,43.54,5,West
314,01/06/2025,5255,Clothing,400.63,4,North
315,08/07/2025,6255,Sports,133.91,2,South
316,01/11/2025,7001,Electronics,122.32,3,East
317,21/01/2025,7013,Clothing,200.8,3,North
318,18/06/2025,6927,Home,57.5,1,North
319,31/10/2025,5377,Clothing,468.25,3,West
320,03/09/2025,1203,Clothing,497.4,1,West
321,18/08/2025,7791,Bueaty,456.08,3,East
322,26/05/2025,4674,Electronics,100.95,3,South
323,28/09/2025,2486,Home,373.09,3,East
324,06/02/2025,4778,Sports,256.57,2,South
325,06/09/2025,4242,Electronics,132.97,2,East
326,06/08/2025,6190,Bueaty,281.92,1,South
327,14/05/2025,7991,Sports,274.16,4,North
328,29/01/2025,4333,Electronics,100.08,5,East
329,07/04/2025,2967,Bueaty,455.37,1,East
330,06/02/2025,7451,Electronics,234.82,2,East
331,14/03/2025,5900,Home,110.1,5,East
332,23/12/2025,9929,Clothing,388.68,3,East
333,09/10/2025,7527,Clothing,425.56,2,North
334,15/05/2025,2737,Bueaty,104.66,3,South
335,24/05/2025,5039,Electronics,191.63,3,North
336,26/08/2025,6795,Bueaty,478.09,1,West
337,24/11/2025,2936,Electronics,135.83,1,South
338,15/01/2025,4962,Home,418.04,5,West
339,22/12/2025,9708,Bueaty,55.2,2,North
340,15/11/2025,4924,Electronics,180.23,1,West
341,07/04/2025,7633,Sports,236.8,4,West
342,28/06/2025,8282,Home,425.84,4,East
343,12/04/2025,5732,Electronics,121.32,3,South
344,25/06/2025,3082,Electronics,420.33,3,East
345,29/05/2025,6749,Electronics,141.11,4,West
346,25/02/2025,4833,Home,321.71,5,East
347,15/09/2025,2470,Sports,208.73,3,West
348,17/09/2025,7154,Bueaty,328.74,1,West
349,18/01/2025,8388,Electronics,499.45,4,North
350,08/01/2025,9780,Home,384.38,2,North
351,20/02/2025,5988,Sports,13.61,1,West
352,05/07/2025,3426,Home,414.82,2,North
353,02/04/2025,5741,Electronics,329.74,2,East
354,30/07/2025,4500,Home,25.44,2,North
355,04/10/2025,7361,Electronics,103.63,4,West
356,13/02/2025,8997,Home,163.0,3,North
357,19/08/2025,6642,Electronics,377.32,4,North
358,05/07/2025,6476,Bueaty,264.24,3,West
359,19/12/2025,8085,Electronics,327.43,5,East
360,01/11/2025,5677,Clothing,393.89,1,North
361,04/04/2025,8628,Bueaty,388.23,2,East
362,02/01/2025,9986,Sports,84.77,1,West
363,15/10/2025,4093,Electronics,257.45,5,East
364,26/04/2025,7654,Home,179.14,5,South
365,13/09/2025,7459,Sports,228.54,3,South
366,06/10/2025,6421,Sports,68.84,1,West
367,18/05/2025,9711,Home,259.29,5,East
368,16/08/2025,9299,Electronics,200.07,4,South
369,26/12/2025,7439,Home,404.8,2,East
370,13/10/2025,4466,Bueaty,472.59,5,East
371,28/12/2025,2105,Bueaty,10.39,4,South
372,08/04/2025,6466,Electronics,105.15,5,South
373,06/05/2025,5664,Home,165.11,2,South
374,14/01/2025,2258,Home,206.37,2,North
375,02/11/2025,4988,Home,328.23,2,North
376,24/04/2025,5612,Electronics,116.4,1,East
377,23/10/2025,4569,Electronics,478.8,2,East
378,26/11/2025,3714,Electronics,334.49,3,South
379,17/02/2025,4826,Sports,471.77,3,North
380,05/05/2025,1675,Electronics,259.26,2,South
381,22/08/2025,3334,Home,144.52,2,South
382,13/06/2025,5575,Home,352.18,4,East
383,08/02/2025,5816,Clothing,168.23,3,West
384,09/07/2025,7534,Bueaty,138.67,2,South
385,22/05/2025,5959,Bueaty,211.86,2,East
386,30/04/2025,5918,Bueaty,359.05,4,North
387,10/12/2025,5369,Sports,393.13,3,South
388,19/12/2025,9226,Home,388.19,1,East
389,23/11/2025,9733,Clothing,129.79,3,North
390,26/09/2025,5897,Home,314.88,4,West
391,04/04/2025,3460,Clothing,89.59,2,North
392,23/07/2025,1026,Home,238.18,1,North
393,22/10/2025,1305,Electronics,225.62,1,North
394,21/09/2025,4322,Sports,332.75,1,North
395,27/11/2025,1741,Clothing,269.23,1,West
396,09/07/2025,6897,Electronics,354.97,2,East
397,12/08/2025,9034,Bueaty,400.43,1,South
398,19/11/2025,5379,Electronics,428.91,3,West
399,11/07/2025,6121,Clothing,162.09,5,South
400,13/05/2025,4032,Bueaty,129.79,5,West
401,23/09/2025,7269,Clothing,365.06,2,North
402,27/07/2025,9361,Home,26.63,5,North
403,17/08/2025,2007,Sports,292.04,4,West
404,28/05/2025,1423,Electronics,384.24,3,West
405,12/09/2025,2514,Bueaty,304.26,2,North
406,19/11/2025,4669,Home,192.72,4,North
407,23/04/2025,8732,Clothing,308.37,1,South
408,11/01/2025,6013,Electronics,25.45,2,North
409,28/06/2025,7209,Bueaty,185.76,3,West
410,07/08/2025,3958,Sports,464.33,2,North
411,24/05/2025,1123,Clothing,47.08,2,South
412,07/03/2025,5585,Sports,175.92,5,South
413,31/03/2025,5573,Clothing,181.28,4,East
414,13/06/2025,2538,Electronics,405.3,3,East
415,19/12/2025,1774,Home,134.5,5,South
416,24/10/2025,3385,Sports,177.76,1,East
417,01/07/2025,3029,Home,338.45,2,East
418,13/06/2025,4417,Electronics,252.78,5,South
419,18/11/2025,9663,Sports,144.42,1,West
420,15/04/2025,2755,Sports,454.89,1,South
421,23/12/2025,1333,Home,252.54,2,South
422,09/05/2025,9075,Sports,310.5,5,West
423,15/09/2025,5108,Clothing,328.98,4,South
424,31/05/2025,2457,Bueaty,209.54,2,North
425,24/12/2025,9326,Bueaty,432.41,4,West
426,08/09/2025,2380,Clothing,469.04,1,West
427,21/03/2025,4894,Sports,422.78,2,North
428,19/12/2025,5330,Sports,480.35,5,West
429,15/07/2025,8368,Home,220.92,3,East
430,19/11/2025,9959,Sports,227.6,5,North
431,27/11/2025,4082,Clothing,378.18,2,East
432,19/08/2025,7430,Bueaty,381.19,2,North
433,21/11/2025,4905,Electronics,260.51,5,South
434,23/08/2025,2036,Clothing,72.16,3,East
435,26/06/2025,1114,Clothing,472.23,3,South
436,08/09/2025,5549,Electronics,311.87,4,North
437,10/03/2025,6995,Clothing,442.62,1,South
438,07/03/2025,6967,Electronics,395.43,1,North
439,11/08/2025,5085,Home,76.81,4,South
440,08/04/2025,1653,Home,140.67,2,North
441,13/04/2025,8928,Sports,448.07,3,West
442,09/02/2025,8617,Sports,457.82,2,South
443,30/12/2025,2163,Home,51.29,1,South
444,24/04/2025,9302,Clothing,299.56,4,East
445,05/09/2025,4102,Bueaty,356.56,4,West
446,19/03/2025,7631,Sports,58.57,4,South
447,23/11/2025,6979,Clothing,273.83,2,West
448,15/03/2025,7536,Electronics,69.89,1,West
449,08/08/2025,1660,Sports,297.44,1,East
450,17/05/2025,1374,Clothing,141.22,4,East
451,26/01/2025,8356,Clothing,104.59,1,North
452,08/08/2025,2264,Bueaty,247.29,2,East
453,19/09/2025,5690,Bueaty,118.67,3,West
454,24/08/2025,1668,Electronics,19.0,1,North
455,22/12/2025,1940,Clothing,396.37,4,South
456,07/05/2025,8646,Clothing,408.61,5,North
457,22/07/2025,2262,Clothing,75.58,1,East
458,01/04/2025,1613,Electronics,40.87,3,South
459,27/01/2025,3447,Bueaty,474.94,5,South
460,06/04/2025,3411,Sports,424.47,5,West
461,27/02/2025,4804,Electronics,389.61,4,North
462,22/06/2025,7487,Electronics,289.89,3,North
463,18/07/2025,7082,Sports,315.86,3,South
464,17/05/2025,1332,Bueaty,344.25,4,South
465,01/09/2025,2772,Clothing,314.11,3,West
466,02/08/2025,2541,Electronics,326.72,5,North
467,17/11/2025,1055,Sports,124.46,5,North
468,29/03/2025,1148,Bueaty,282.3,5,East
469,26/02/2025,1290,Home,151.37,1,East
470,10/01/2025,6512,Bueaty,238.28,3,East
471,05/08/2025,5362,Clothing,457.36,1,East
472,13/04/2025,5467,Sports,213.0,3,North
473,14/07/2025,3788,Bueaty,260.97,5,South
474,24/11/2025,1092,Clothing,409.82,1,South
475,21/02/2025,9566,Home,307.82,2,North
476,15/12/2025,6563,Bueaty,178.65,1,West
477,26/12/2025,8412,Sports,22.38,4,North
478,25/10/2025,4900,Bueaty,481.72,2,South
479,19/07/2025,7854,Clothing,370.68,5,North
480,23/09/2025,4665,Home,456.82,1,North
481,08/12/2025,6189,Sports,299.29,3,West
482,23/07/2025,9907,Bueaty,351.54,2,West
483,13/07/2025,2023,Sports,100.24,4,East
484,25/04/2025,9619,Sports,319.38,1,South
485,12/11/2025,9169,Home,177.62,2,East
486,19/09/2025,4338,Bueaty,467.94,3,South
487,27/03/2025,5730,Electronics,413.61,3,East
488,09/09/2025,9006,Clothing,372.28,4,North
489,26/11/2025,4078,Electronics,138.02,5,North
490,26/04/2025,2714,Sports,186.59,1,West
491,12/07/2025,9748,Home,163.3,1,West
492,03/07/2025,7844,Clothing,395.32,5,North
493,04/08/2025,2380,Electronics,310.65,5,West
494,25/02/2025,4227,Clothing,159.7,1,West
495,04/05/2025,1961,Home,154.11,2,South
496,28/10/2025,6313,Clothing,157.78,4,North
497,28/05/2025,6664,Bueaty,101.04,2,East
498,21/09/2025,1643,Electronics,185.16,3,East
499,05/11/2025,7673,Bueaty,396.18,3,West
500,01/07/2025,5030,Home,205.87,2,South
501,19/06/2025,7096,Clothing,20.95,3,East
502,08/10/2025,1332,Electronics,479.66,3,West
503,29/12/2025,3197,Clothing,371.08,3,North
504,26/06/2025,3313,Sports,89.58,4,West
505,26/12/2025,3981,Electronics,385.45,2,North
506,25/12/2025,2578,Clothing,16.43,1,East
507,13/02/2025,9052,Home,412.84,1,North
508,04/12/2025,1521,Electronics,373.27,5,South
509,18/04/2025,5450,Electronics,345.15,2,North
510,21/06/2025,8134,Home,241.04,4,South
511,03/04/2025,5724,Electronics,87.56,4,North
512,05/03/2025,6657,Clothing,357.57,4,West
513,27/07/2025,2472,Electronics,293.12,4,South
514,01/12/2025,1393,Electronics,67.26,1,South
515,27/10/2025,5019,Electronics,123.22,4,West
516,22/08/2025,3791,Electronics,38.29,5,North
517,25/01/2025,7310,Electronics,264.27,2,South
518,12/12/2025,1190,Bueaty,206.67,5,North
519,13/12/2025,5817,Bueaty,387.14,2,West
520,30/07/2025,9623,Bueaty,136.71,3,South
521,09/12/2025,4120,Clothing,42.63,3,East
522,18/01/2025,4633,Electronics,141.5,2,North
523,12/02/2025,2570,Clothing,373.84,4,East
524,25/07/2025,5315,Electronics,370.52,5,North
525,25/04/2025,4237,Sports,315.84,1,North
526,11/08/2025,5417,Sports,357.92,4,South
527,22/04/2025,1094,Clothing,84.52,2,North
528,05/03/2025,2155,Clothing,22.0,4,South
529,01/05/2025,1371,Sports,209.07,2,East
530,01/02/2025,9080,Bueaty,273.4,4,West
531,06/03/2025,3502,Clothing,352.06,5,East
532,05/12/2025,8376,Home,438.84,3,East
533,21/12/2025,9921,Bueaty,140.29,5,South
534,28/12/2025,6046,Home,67.63,3,West
535,22/08/2025,1629,Bueaty,126.21,5,West
536,19/02/2025,4576,Sports,230.38,1,South
537,10/06/2025,7958,Bueaty,386.33,1,East
538,12/08/2025,2769,Home,131.94,2,West
539,05/03/2025,1072,Home,257.84,3,South
540,23/06/2025,6538,Sports,45.28,4,West
541,11/09/2025,8739,Bueaty,262.25,3,West
542,06/12/2025,1116,Bueaty,95.41,3,North
543,04/05/2025,2029,Sports,304.91,1,South
544,03/08/2025,4175,Electronics,95.97,2,North
545,16/12/2025,9406,Sports,234.01,3,South
546,12/06/2025,4847,Clothing,192.71,3,West
547,02/05/2025,4041,Clothing,280.91,3,North
548,03/05/2025,4838,Electronics,225.41,3,North
549,29/07/2025,2839,Bueaty,425.24,4,West
550,16/11/2025,4768,Sports,380.02,2,West
551,11/07/2025,9528,Home,388.87,5,South
552,29/03/2025,6066,Bueaty,83.21,4,North
553,28/09/2025,6336,Clothing,416.16,4,North
554,28/08/2025,6186,Electronics,222.32,4,East
555,03/04/2025,4661,Bueaty,191.74,2,North
556,28/02/2025,2657,Home,183.22,2,North
557,18/12/2025,1712,Clothing,281.62,3,North
558,14/02/2025,9840,Sports,52.57,2,East
559,25/12/2025,3922,Clothing,91.6,5,South
560,27/05/2025,5441,Clothing,18.07,3,West
561,17/02/2025,2623,Clothing,240.93,5,West
562,05/03/2025,6011,Bueaty,138.73,5,North
563,03/01/2025,6135,Bueaty,13.21,2,North
564,18/12/2025,1913,Home,177.26,3,West
565,12/04/2025,9997,Electronics,352.8,4,North
566,22/01/2025,3581,Sports,297.98,1,West
567,14/12/2025,2715,Home,116.17,4,North
568,30/05/2025,6909,Clothing,496.96,3,South
569,03/06/2025,9470,Sports,273.47,1,West
570,07/02/2025,9973,Electronics,369.97,1,North
571,03/08/2025,2488,Sports,61.13,5,North
572,20/12/2025,8278,Clothing,393.59,5,North
573,30/04/2025,9720,Bueaty,42.53,3,East
574,12/07/2025,2605,Bueaty,79.07,4,West
575,10/05/2025,1623,Sports,485.49,4,North
576,31/05/2025,1800,Sports,106.73,5,West
577,10/10/2025,1693,Electronics,230.9,2,North
578,15/08/2025,5842,Electronics,67.43,1,West
579,15/06/2025,1293,Clothing,85.43,3,North
580,17/10/2025,1989,Home,59.21,3,North
581,01/12/2025,7198,Sports,19.81,5,West
582,31/05/2025,7883,Home,79.87,2,West
583,17/08/2025,7428,Home,87.99,2,South
584,11/07/2025,7676,Home,118.69,2,West
585,31/01/2025,3811,Electronics,52.17,5,East
586,06/06/2025,7962,Home,305.88,2,West
587,16/09/2025,7492,Sports,125.66,3,North
588,15/11/2025,7250,Home,225.23,2,North
589,25/12/2025,9563,Electronics,156.99,4,West
590,22/07/2025,9403,Electronics,241.74,5,South
591,28/09/2025,3452,Electronics,471.65,1,West
592,29/09/2025,4015,Bueaty,243.17,2,East
593,16/09/2025,5810,Sports,171.43,1,North
594,13/08/2025,7479,Home,33.26,5,South
595,19/11/2025,5159,Sports,115.91,2,South
596,19/07/2025,5392,Electronics,434.28,4,North
597,24/09/2025,2313,Clothing,134.13,3,West
598,24/11/2025,5503,Sports,326.44,4,South
599,23/07/2025,5378,Sports,279.65,3,West
600,29/11/2025,7794,Bueaty,482.19,2,East
601,29/07/2025,6790,Electronics,408.68,5,West
602,04/02/2025,4846,Home,349.43,4,West
603,08/11/2025,2533,Bueaty,139.61,1,West
604,17/09/2025,7661,Home,78.81,3,East
605,16/12/2025,4210,Bueaty,112.38,1,West
606,08/12/2025,7380,Clothing,235.38,2,North
607,19/11/2025,8310,Bueaty,232.34,5,South
608,14/08/2025,1245,Home,141.13,5,North
609,06/06/2025,5099,Electronics,469.27,4,North
610,08/12/2025,3856,Bueaty,250.38,4,North
611,04/02/2025,3023,Clothing,452.5,1,East
612,04/09/2025,6759,Electronics,285.36,3,West
613,05/12/2025,8243,Sports,176.4,5,West
614,15/06/2025,3458,Home,357.03,4,East
615,26/08/2025,9196,Home,387.59,4,South
616,10/12/2025,7220,Sports,231.28,3,West
617,30/05/2025,1213,Electronics,142.59,4,West
618,04/08/2025,5150,Bueaty,161.45,5,West
619,09/06/2025,2352,Sports,43.11,1,West
620,27/04/2025,4978,Home,128.11,2,North
621,07/07/2025,6892,Clothing,324.83,1,East
622,01/07/2025,5029,Sports,398.68,3,South
623,20/10/2025,9445,Home,220.37,5,West
624,24/05/2025,8386,Sports,42.19,4,South
625,12/03/2025,2242,Bueaty,486.5,2,East
626,12/07/2025,6727,Electronics,446.87,1,South
627,17/02/2025,6289,Home,180.57,2,West
628,08/09/2025,5265,Electronics,34.85,5,East
629,27/09/2025,1976,Clothing,398.01,3,North
630,21/06/2025,5534,Home,110.4,1,East
631,11/05/2025,2445,Clothing,92.76,4,South
632,01/11/2025,4568,Electronics,299.08,3,West
633,24/05/2025,7870,Sports,24.54,3,South
634,22/06/2025,1819,Electronics,462.3,2,West
635,05/02/2025,4644,Electronics,26.81,2,South
636,13/11/2025,6008,Home,101.28,2,North
637,03/08/2025,6734,Clothing,468.48,3,South
638,13/07/2025,2183,Electronics,459.25,4,West
639,05/02/2025,8270,Electronics,18.35,3,West
640,14/08/2025,1267,Sports,179.76,5,North
641,08/06/2025,3263,Electronics,228.0,5,North
642,07/04/2025,7093,Sports,113.57,3,North
643,24/06/2025,3496,Clothing,390.93,5,South
644,30/01/2025,8089,Home,103.88,2,North
645,24/05/2025,3356,Home,17.69,3,East
646,12/11/2025,6009,Sports,161.44,2,North
647,03/01/2025,8056,Sports,25.04,5,South
648,06/06/2025,8251,Bueaty,437.55,4,West
649,30/09/2025,3597,Clothing,278.8,3,North
650,26/10/2025,6515,Sports,274.22,3,South
651,26/02/2025,2014,Clothing,177.24,4,West
652,09/03/2025,4573,Clothing,452.51,4,South
653,16/09/2025,6583,Electronics,33.07,4,South
654,08/12/2025,3359,Electronics,422.89,1,West
655,02/11/2025,5443,Home,482.2,4,North
656,01/01/2025,5315,Electronics,319.71,1,West
657,21/07/2025,4742,Bueaty,348.03,1,North
658,10/12/2025,9413,Clothing,133.61,1,South
659,30/05/2025,9593,Home,324.46,2,East
660,27/02/2025,9406,Home,150.05,5,South
661,13/01/2025,4175,Electronics,126.16,1,East
662,11/09/2025,3495,Bueaty,497.16,2,North
663,10/01/2025,4507,Electronics,178.62,4,West
664,03/05/2025,7274,Sports,39.73,4,West
665,14/09/2025,2893,Bueaty,487.26,4,East
666,15/12/2025,4070,Electronics,104.03,1,West
667,08/08/2025,2643,Bueaty,361.5,2,East
668,29/04/2025,2860,Electronics,148.56,5,South
669,02/03/2025,6686,Clothing,19.25,5,West
670,23/05/2025,2594,Clothing,105.99,2,West
671,11/10/2025,9613,Sports,191.29,4,South
672,30/01/2025,1368,Clothing,403.02,3,South
673,23/04/2025,2476,Sports,372.96,5,East
674,07/06/2025,5679,Electronics,136.89,5,West
675,14/06/2025,1970,Electronics,114.19,3,North
676,05/11/2025,9185,Home,268.27,1,West
677,31/07/2025,4909,Electronics,206.93,5,West
678,31/10/2025,3597,Bueaty,51.23,5,South
679,02/08/2025,9132,Bueaty,162.7,2,North
680,15/03/2025,2572,Sports,438.62,3,South
681,09/10/2025,9143,Sports,339.97,3,North
682,29/09/2025,9709,Bueaty,71.22,5,West
683,04/05/2025,4708,Home,95.08,5,East
684,26/10/2025,2008,Home,339.27,1,South
685,21/10/2025,1778,Home,304.48,3,North
686,09/01/2025,3590,Electronics,373.13,3,East
687,02/03/2025,6900,Sports,105.13,3,West
688,04/06/2025,3620,Bueaty,285.62,2,East
689,31/07/2025,3622,Clothing,44.0,5,North
690,12/07/2025,5212,Clothing,340.3,4,West
691,23/08/2025,7447,Bueaty,147.59,2,East
692,04/12/2025,7673,Electronics,458.55,2,East
693,24/08/2025,7908,Bueaty,21.29,4,West
694,12/06/2025,4603,Bueaty,163.83,2,South
695,26/05/2025,6627,Home,268.15,2,North
696,07/07/2025,3393,Bueaty,191.69,4,West
697,24/07/2025,9042,Bueaty,465.42,2,South
698,18/02/2025,6262,Home,460.29,5,South
699,30/03/2025,5058,Clothing,333.72,5,West
700,16/07/2025,3043,Sports,295.79,4,North
701,10/07/2025,7840,Bueaty,418.11,2,West
702,23/06/2025,3985,Clothing,385.18,1,East
703,06/10/2025,7379,Bueaty,68.88,3,West
704,27/10/2025,2226,Bueaty,269.49,3,South
705,19/11/2025,7256,Sports,145.9,5,West
706,09/11/2025,1335,Bueaty,49.82,4,East
707,22/01/2025,2586,Sports,52.98,1,South
708,09/12/2025,1962,Clothing,75.75,4,South
709,12/01/2025,2611,Home,455.6,4,East
710,04/04/2025,6926,Bueaty,333.19,1,North
711,13/10/2025,1119,Bueaty,398.01,2,North
712,27/07/2025,4472,Clothing,496.65,3,South
713,22/01/2025,1697,Home,400.14,1,East
714,27/04/2025,7775,Bueaty,227.84,5,South
715,14/06/2025,7798,Electronics,447.75,1,South
716,06/09/2025,1051,Home,254.72,5,North
717,24/06/2025,4770,Sports,112.54,3,East
718,07/11/2025,5797,Bueaty,145.44,1,South
719,08/06/2025,4526,Bueaty,273.59,5,South
720,18/04/2025,1823,Sports,150.85,3,North
721,09/03/2025,5219,Clothing,373.34,4,East
722,01/08/2025,1067,Sports,262.5,3,South
723,06/04/2025,1343,Sports,114.99,1,East
724,14/01/2025,7623,Electronics,213.65,1,West
725,13/11/2025,9252,Bueaty,490.22,5,South
726,24/03/2025,9083,Clothing,166.49,5,East
727,29/12/2025,1722,Home,398.36,3,North
728,30/08/2025,8883,Bueaty,486.13,1,West
729,23/06/2025,2756,Home,80.9,1,East
730,29/06/2025,4545,Bueaty,93.62,4,South
731,09/12/2025,4374,Clothing,464.16,1,East
732,10/04/2025,9471,Bueaty,488.83,5,South
733,22/09/2025,6620,Sports,131.36,4,North
734,07/10/2025,4183,Clothing,63.29,3,East
735,20/02/2025,5335,Clothing,209.32,4,East
736,25/11/2025,5252,Clothing,344.33,3,West
737,25/07/2025,6677,Electronics,144.93,5,North
738,03/04/2025,3092,Home,126.31,5,East
739,04/08/2025,4705,Electronics,346.49,2,South
740,29/04/2025,8396,Sports,470.22,2,South
741,10/06/2025,1557,Sports,89.36,5,South
742,12/09/2025,7399,Clothing,262.25,2,West
743,02/05/2025,2939,Bueaty,330.34,1,East
744,13/06/2025,2516,Home,317.02,2,West
745,22/02/2025,1688,Bueaty,309.83,2,South
746,16/01/2025,3148,Bueaty,172.91,5,East
747,14/08/2025,7713,Electronics,153.1,3,East
748,24/01/2025,2061,Sports,207.34,1,South
749,29/10/2025,7257,Bueaty,13.93,3,West
750,25/10/2025,9302,Bueaty,138.97,2,North
751,25/06/2025,5781,Bueaty,394.52,4,East
752,18/08/2025,8512,Clothing,277.18,4,West
753,08/02/2025,1256,Home,42.8,4,East
754,10/08/2025,5213,Bueaty,156.56,3,North
755,28/05/2025,7588,Home,265.78,2,West
756,03/05/2025,9926,Bueaty,34.75,2,West
757,13/06/2025,6817,Clothing,77.87,4,South
758,12/09/2025,7867,Clothing,150.21,3,East
759,12/06/2025,1487,Home,101.65,2,West
760,20/04/2025,1043,Home,494.01,1,North
761,24/10/2025,1961,Sports,186.45,5,West
762,10/07/2025,9825,Clothing,398.06,5,South
763,05/05/2025,9605,Sports,187.94,4,West
764,06/04/2025,5743,Home,473.28,3,West
765,13/02/2025,4882,Sports,357.34,4,South
766,25/07/2025,5857,Clothing,250.05,3,West
767,25/08/2025,2279,Sports,64.98,5,South
768,25/10/2025,3243,Clothing,252.1,3,East
769,15/05/2025,2994,Home,353.28,2,East
770,13/08/2025,6132,Home,437.53,1,East
771,25/10/2025,2043,Clothing,447.41,5,North
772,09/10/2025,9473,Electronics,465.21,3,North
773,08/07/2025,5271,Electronics,406.93,5,West
774,30/11/2025,4379,Electronics,203.71,2,West
775,25/12/2025,9589,Electronics,494.33,3,North
776,29/03/2025,4568,Bueaty,67.24,5,East
777,18/04/2025,3898,Bueaty,25.04,3,East
778,12/06/2025,9795,Home,141.58,1,East
779,24/01/2025,7599,Sports,488.23,2,North
780,07/05/2025,9217,Bueaty,315.4,4,North
781,08/07/2025,2148,Bueaty,187.07,3,South
782,29/09/2025,5801,Clothing,22.29,4,West
783,28/07/2025,9625,Sports,355.23,4,North
784,21/10/2025,8671,Clothing,230.25,3,South
785,04/08/2025,2558,Home,152.1,3,South
786,10/06/2025,4386,Sports,387.87,5,West
787,14/12/2025,3952,Clothing,499.46,2,West
788,07/02/2025,8866,Electronics,120.63,3,North
789,02/03/2025,6519,Clothing,158.78,4,West
790,17/01/2025,1082,Sports,342.8,3,East
791,17/08/2025,8430,Home,20.04,3,East
792,13/10/2025,1405,Home,59.16,4,South
793,31/10/2025,9635,Home,360.39,5,North
794,25/07/2025,8180,Electronics,95.58,1,North
795,21/08/2025,4538,Electronics,418.31,4,North
796,22/12/2025,5929,Electronics,434.51,1,North
797,22/06/2025,1162,Bueaty,101.4,3,West
798,28/12/2025,6298,Home,181.33,5,North
799,01/09/2025,7264,Electronics,287.95,3,North
800,09/01/2025,6400,Sports,355.33,2,West
801,05/02/2025,6414,Clothing,395.94,5,South
802,17/07/2025,5928,Electronics,139.19,3,West
803,08/09/2025,4272,Home,391.89,2,West
804,23/06/2025,3628,Bueaty,353.28,1,North
805,18/09/2025,3477,Clothing,219.06,4,West
806,04/01/2025,6464,Home,45.76,3,North
807,08/09/2025,2373,Electronics,445.23,1,West
808,28/04/2025,9632,Home,117.93,2,East
809,28/12/2025,1020,Clothing,194.08,3,South
810,30/01/2025,9513,Bueaty,122.0,5,East
811,07/09/2025,9984,Bueaty,341.01,5,North
812,27/01/2025,9951,Sports,185.94,5,South
813,11/01/2025,4960,Bueaty,112.38,3,South
814,10/01/2025,4167,Home,432.53,4,East
815,17/10/2025,3994,Electronics,412.17,2,South
816,27/11/2025,7697,Electronics,127.42,5,East
817,23/12/2025,5554,Clothing,355.08,1,North
818,21/04/2025,8489,Sports,295.29,1,East
819,24/06/2025,3779,Electronics,216.23,4,East
820,14/11/2025,2658,Sports,384.08,5,East
821,13/01/2025,7479,Electronics,175.33,4,East
822,30/08/2025,6892,Electronics,453.11,3,South
823,06/09/2025,2202,Clothing,260.02,2,South
824,04/04/2025,2556,Electronics,352.63,5,South
825,06/03/2025,4603,Electronics,87.5,3,South
826,13/11/2025,7936,Home,376.11,3,East
827,19/01/2025,8827,Sports,279.77,2,North
828,02/03/2025,2061,Electronics,481.36,4,South
829,28/07/2025,7118,Sports,330.15,2,East
830,18/07/2025,9520,Electronics,86.09,5,South
831,25/03/2025,4489,Clothing,393.8,5,East
832,09/01/2025,8889,Electronics,312.13,3,West
833,28/11/2025,7691,Electronics,99.6,3,West
834,30/03/2025,8249,Clothing,213.87,4,South
835,11/12/2025,7198,Electronics,451.05,2,South
836,18/01/2025,5574,Bueaty,396.25,3,South
837,11/08/2025,8655,Sports,353.87,3,East
838,22/01/2025,7404,Bueaty,335.84,2,South
839,15/05/2025,3259,Sports,36.4,2,South
840,07/06/2025,3531,Bueaty,116.66,2,East
841,27/03/2025,9313,Clothing,116.8,1,North
842,05/12/2025,4678,Clothing,425.19,3,North
843,20/11/2025,7474,Home,150.62,2,North
844,27/10/2025,9979,Clothing,315.54,3,East
845,03/11/2025,2841,Clothing,411.12,5,East
846,26/11/2025,3143,Bueaty,82.58,1,South
847,20/12/2025,1781,Electronics,112.62,5,South
848,19/05/2025,3250,Sports,226.31,3,South
849,08/06/2025,1803,Sports,137.42,1,West
850,21/07/2025,7476,Clothing,405.77,2,South
851,15/10/2025,1861,Sports,312.35,1,South
852,14/07/2025,3643,Bueaty,160.24,3,North
853,18/01/2025,6595,Bueaty,205.52,2,West
854,16/02/2025,5120,Electronics,276.32,5,West
855,17/03/2025,8648,Bueaty,256.51,4,West
856,22/02/2025,2308,Home,481.9,1,West
857,24/11/2025,2875,Clothing,412.72,3,North
858,04/08/2025,8484,Home,87.12,5,East
859,18/06/2025,8889,Electronics,100.59,4,West
860,18/11/2025,7182,Clothing,451.62,5,West
861,06/12/2025,6664,Home,192.09,5,West
862,28/05/2025,2035,Clothing,404.38,2,East
863,05/10/2025,8289,Bueaty,499.48,2,North
864,23/09/2025,2124,Sports,48.61,5,East
865,28/04/2025,8125,Clothing,262.16,1,West
866,06/08/2025,1900,Electronics,61.05,5,East
867,26/06/2025,5370,Electronics,248.38,2,East
868,11/11/2025,3586,Home,140.9,4,East
869,15/04/2025,9925,Home,236.27,4,East
870,03/07/2025,4556,Home,373.88,1,West
871,23/07/2025,6376,Electronics,85.63,5,West
872,09/11/2025,2911,Sports,372.53,3,West
873,25/02/2025,2338,Bueaty,434.78,4,North
874,13/05/2025,1995,Bueaty,85.51,3,South
875,28/12/2025,2781,Sports,318.91,5,South
876,21/02/2025,7595,Home,372.84,1,South
877,25/08/2025,2177,Sports,89.11,2,East
878,26/02/2025,7619,Home,386.96,1,South
879,21/08/2025,4062,Electronics,341.28,3,North
880,22/11/2025,2807,Clothing,347.47,1,South
881,04/06/2025,9666,Bueaty,497.53,1,South
882,29/04/2025,6338,Electronics,155.98,5,East
883,23/02/2025,3978,Bueaty,446.26,3,South
884,28/05/2025,1431,Home,14.88,1,East
885,21/10/2025,6170,Home,357.59,3,East
886,22/09/2025,5714,Clothing,466.73,4,North
887,22/02/2025,1211,Electronics,331.76,3,West
888,02/06/2025,3204,Sports,18.48,5,East
889,04/12/2025,6523,Clothing,184.83,3,North
890,21/05/2025,1268,Bueaty,458.6,4,South
891,10/06/2025,3225,Sports,97.31,5,North
892,07/08/2025,9364,Clothing,498.02,5,West
893,13/10/2025,1395,Sports,141.6,4,South
894,18/04/2025,6269,Home,373.19,1,East
895,14/07/2025,7779,Electronics,196.75,2,West
896,04/07/2025,6195,Sports,111.93,4,East
897,08/07/2025,7317,Sports,176.77,5,North
898,26/02/2025,5114,Sports,139.03,1,South
899,19/02/2025,9598,Electronics,141.74,3,North
900,21/02/2025,2271,Electronics,386.12,5,East
901,18/06/2025,6459,Home,491.7,5,West
902,05/10/2025,8402,Electronics,307.8,2,North
903,30/03/2025,4122,Home,235.89,3,North
904,27/04/2025,9593,Sports,26.33,5,North
905,26/01/2025,9781,Electronics,131.12,3,North
906,01/01/2025,8621,Clothing,439.87,4,North
907,30/08/2025,3091,Sports,478.28,5,West
908,27/06/2025,1032,Home,160.73,4,East
909,15/01/2025,1960,Bueaty,19.23,2,North
910,12/04/2025,8978,Electronics,99.11,2,East
911,26/04/2025,5991,Clothing,252.41,2,East
912,24/07/2025,1495,Electronics,328.68,5,South
913,27/05/2025,5910,Electronics,359.41,5,North
914,25/05/2025,4904,Sports,13.34,5,South
915,09/09/2025,2789,Clothing,353.53,2,East
916,24/08/2025,7704,Bueaty,79.91,1,West
917,09/11/2025,7017,Sports,19.67,2,West
918,18/11/2025,5341,Sports,496.91,3,South
919,23/06/2025,8991,Electronics,456.99,5,South
920,05/10/2025,7320,Home,485.56,5,North
921,02/04/2025,5830,Electronics,23.18,5,West
922,10/01/2025,9750,Electronics,259.21,5,East
923,28/05/2025,9997,Electronics,281.21,3,South
924,29/12/2025,3533,Electronics,86.5,5,South
925,27/03/2025,5783,Bueaty,199.78,5,North
926,18/11/2025,4918,Clothing,194.82,5,East
927,03/06/2025,1012,Sports,384.03,5,South
928,18/01/2025,6109,Electronics,124.65,1,South
929,04/10/2025,1003,Sports,102.81,1,West
930,19/02/2025,5206,Home,274.77,5,South
931,22/10/2025,7392,Clothing,114.5,5,North
932,06/05/2025,8661,Electronics,476.59,3,East
933,18/11/2025,1348,Electronics,313.33,1,North
934,21/08/2025,8339,Bueaty,398.63,5,South
935,01/05/2025,6876,Electronics,269.52,1,West
936,04/03/2025,5004,Clothing,148.0,5,East
937,23/01/2025,8343,Clothing,353.05,2,North
938,29/04/2025,4865,Electronics,474.64,5,North
939,22/05/2025,2519,Electronics,115.81,4,South
940,23/05/2025,3901,Sports,278.46,3,East
941,22/02/2025,5496,Bueaty,374.56,2,North
942,29/06/2025,3741,Clothing,354.85,3,East
943,15/08/2025,3091,Sports,391.25,1,South
944,24/03/2025,5345,Bueaty,314.86,3,South
945,23/10/2025,4881,Clothing,140.79,5,West
946,07/03/2025,3167,Sports,497.11,1,East
947,27/11/2025,1695,Electronics,136.55,1,North
948,27/09/2025,9530,Sports,329.49,1,South
949,27/02/2025,3467,Sports,444.58,4,East
950,07/03/2025,2311,Sports,163.02,4,East
951,31/05/2025,5617,Clothing,111.69,4,East
952,15/03/2025,2993,Clothing,130.08,2,West
953,09/01/2025,7568,Bueaty,138.55,5,South
954,12/09/2025,6952,Bueaty,42.24,4,West
955,08/06/2025,8401,Bueaty,342.44,2,North
956,17/01/2025,3998,Sports,90.35,3,North
957,10/10/2025,6102,Home,491.24,5,West
958,09/09/2025,9636,Electronics,242.29,4,North
959,13/04/2025,2579,Bueaty,266.59,5,North
960,30/06/2025,5611,Electronics,148.68,5,South
961,25/04/2025,4646,Home,333.8,1,West
962,26/03/2025,9427,Electronics,176.28,3,East
963,05/06/2025,6977,Home,295.05,3,South
964,08/11/2025,7184,Sports,496.36,5,South
965,12/01/2025,7900,Bueaty,120.07,4,North
966,22/05/2025,1083,Sports,130.54,5,East
967,02/12/2025,6023,Clothing,401.26,4,North
968,06/09/2025,3742,Home,221.91,5,East
969,20/07/2025,4169,Home,194.91,3,North
970,07/06/2025,5712,Clothing,171.34,2,North
971,11/08/2025,7431,Sports,125.65,4,North
972,04/06/2025,8648,Clothing,331.15,4,South
973,18/07/2025,8306,Clothing,197.64,5,North
974,27/04/2025,7642,Clothing,474.35,2,West
975,01/04/2025,9968,Bueaty,346.69,5,East
976,08/07/2025,8016,Bueaty,198.39,3,West
977,17/05/2025,9607,Sports,488.45,2,North
978,11/02/2025,6562,Bueaty,468.62,4,South
979,07/03/2025,1222,Electronics,128.63,3,East
980,07/04/2025,1288,Sports,99.62,2,West
981,02/03/2025,6056,Clothing,125.58,1,West
982,21/10/2025,2623,Sports,466.52,1,West
983,14/12/2025,5120,Electronics,331.16,1,North
984,10/12/2025,9356,Bueaty,30.04,5,West
985,18/06/2025,8124,Sports,178.77,5,East
986,15/03/2025,6132,Clothing,16.62,3,South
987,06/11/2025,1690,Home,382.0,1,East
988,04/05/2025,3877,Home,177.74,1,East
989,20/08/2025,3626,Clothing,341.8,3,West
990,12/06/2025,7371,Electronics,203.28,3,West
991,21/07/2025,7235,Clothing,496.1,3,East
992,26/10/2025,1285,Bueaty,493.88,3,West
993,01/01/2025,4893,Sports,16.29,2,North
994,25/04/2025,8368,Electronics,280.12,4,North
995,14/12/2025,5450,Home,77.27,3,North
996,26/10/2025,5974,Clothing,173.38,3,East
997,13/11/2025,1047,Clothing,42.12,2,South
998,03/12/2025,3526,Home,175.32,4,East
999,10/10/2025,7955,Sports,415.89,4,South
1000,02/12/2025,3275,Bueaty,465.17,5,South
